Repo URL,PR Number,Commit URL
https://github.com/SciresM/hactool,41
https://github.com/uclouvain/openjpeg,1258,https://github.com/uclouvain/openjpeg/commit/79b199a8fee2a0d51d4389fcde3f5f4dd01971eb
,1288,https://github.com/uclouvain/openjpeg/commit/4f487798bac3eea5ffa07d3cc542f675c4b4d9ae
,1163
https://github.com/wolkykim/qlibc,76
https://github.com/facebookresearch/nle,115
,121
,125
https://github.com/vtereshkov/umka-lang,345
,56
https://github.com/alliedmodders/sourcemod,1462
,1348
,1251
,1110
,1274
,1074
,1022
,850
,791
,572
,337
,266
https://github.com/performancecopilot/pcp,1975
,1729
,1691
,1628
,1564
,1565
,1555
,1554,https://github.com/performancecopilot/pcp/commit/85b1c5fb0ccc03e8cdc60910d401a71164b1053b
,1228
,769
,949,https://github.com/performancecopilot/pcp/commit/163b1c9ac2008a73fa75c1992f1ef97eae867ea0
,706
,722
,640
,331
,27
https://github.com/mattiasgustavsson/dos-like,41
https://github.com/ashvardanian/StringZilla,64
,63
https://github.com/irontec/sngrep,279
,288
https://github.com/ARM-software/astc-encoder,91
,49
https://github.com/Duet3D/RepRapFirmware,424
https://github.com/grafana/beyla,499
,526
,394
,188
,298
https://github.com/Tongsuo-Project/Tongsuo,647,https://github.com/Tongsuo-Project/Tongsuo/commit/73c643f7f8c158d9b7878b5cdc7b72c98ac52be4
https://github.com/prusa3d/Prusa-Firmware-Buddy,2285
,1869
,968
https://github.com/emoon/minifb,84
https://github.com/lvgl/lv_port_esp32,53,https://github.com/lvgl/lv_port_esp32/commit/818f6926c33193065f3a48a62cc2890969992942
,110
https://github.com/katef/libfsm,412
,329
,275
,288
,265
,287
,297
,248
,53
https://github.com/dimitri/pgcopydb,761
,647
,592
,551
,433
https://github.com/intel/media-driver,1136
,977
,911
,619
,283
https://github.com/moonlight-stream/moonlight-ios,482
,447
https://github.com/arq5x/bedtools2,578
https://github.com/avluis/Hentoid,182
,181
,160
https://github.com/oracle/python-cx_Oracle,422
https://github.com/jgmenu/jgmenu,175
https://github.com/emersion/grim,107
https://github.com/i3/i3lock,226
,179,https://github.com/i3/i3lock/commit/1668b2fc0fdbeb7427bc59e757b2f6be103896c4
https://github.com/ghaerr/elks,2003
,1503,https://github.com/ghaerr/elks/commit/d21d85ad46d758d8a775b1340ac8bfb23dadb363
,1411
,1478
,1385,https://github.com/ghaerr/elks/commit/3ebbbd03fa4ec91230621d5af171018b9ee6dfa8
,1018
,129
https://github.com/EliasOenal/multimon-ng,71
https://github.com/bootlin/elixir,271
https://github.com/intel/isa-l,114
https://github.com/libunwind/libunwind,169
,178
https://github.com/yaml/libyaml,125
https://github.com/libgd/libgd,670
,832,https://github.com/libgd/libgd/commit/4b5b2f122bf5df628d4e07631b599e8ef3144f70
,713
,712,https://github.com/libgd/libgd/commit/a9328b01253b34064a932811f60cac598d7f61bc
,769
,701
,671
,198
https://github.com/maxmind/libmaxminddb,180,https://github.com/maxmind/libmaxminddb/commit/e63d5224c3f4a8e29ac40e5fe12795ab5310dff4
,49,https://github.com/maxmind/libmaxminddb/commit/b0192542373e378f2dc5f2618951428db29e6ff0
,37
https://github.com/rebol/rebol,156
https://github.com/Solo5/solo5,310
,211
https://github.com/HerculesWS/Hercules,3288
,3278
,2547
,1686
,2433
,3006
,2655,https://github.com/HerculesWS/Hercules/commit/d5faef5a8cc681c9f30aed215f1bab0aaf9bcc77
,2430,https://github.com/HerculesWS/Hercules/commit/1259ea8e1787a5e9677bcc7cf21338fc81da90f1
,2388
,2238
,2036
,1111
,1890,https://github.com/HerculesWS/Hercules/commit/131b943bbfbf54da4040e943608123d5ea5caf82
,1764,https://github.com/HerculesWS/Hercules/commit/2f2fe7faf7456edb7e39c2c887d1dc7d2ba3b577
,1752
,1719
,1760
,1477
,832,https://github.com/HerculesWS/Hercules/commit/d875f12e2dfba7caee51d9f6563ef80618f19448
,709
,682
,436,https://github.com/HerculesWS/Hercules/commit/e9765745c1d626210af4020c723f8aa2b1c6c21e
https://github.com/SWI-Prolog/swipl-devel,1147
,542
https://github.com/cage-kiosk/cage,123
https://github.com/WojciechMula/pyahocorasick,166
https://github.com/bk138/gromit-mpx,180
https://github.com/zeromq/zyre,485,https://github.com/zeromq/zyre/commit/02cbc5e15be1ef4e8cb16c299a542c453c3dadec
,33
,125
,151,https://github.com/zeromq/zyre/commit/c5e76cadef4998cd42be716c9504af6dbe1e8608
https://github.com/taisei-project/taisei,353
,319
,248
,249
https://github.com/prideout/par,54
https://github.com/Orc/discount,285,https://github.com/Orc/discount/commit/87234b3caf7a44704d787ac9747fc149358331d3
https://github.com/Tarsnap/tarsnap,546
,507
,273,https://github.com/Tarsnap/tarsnap/commit/5897af0522e029f8f6a4d501ac355efce2a81470
,151,https://github.com/Tarsnap/tarsnap/commit/93c9a16e40df6f3fdbc37f6c276847e0265f6809
,149
,101,https://github.com/Tarsnap/tarsnap/commit/d92bfeb2f1920abdb21b45aa21a499c15495baf6
,97
,84
,75
https://github.com/pocl/pocl,1354
,1121
,1058
,1013
,665
,490
,133
https://github.com/royhills/arp-scan,20,https://github.com/royhills/arp-scan/commit/a151ebe55358362f16adfa8bbb56a2cf914d6375
https://github.com/michaeltyson/TPCircularBuffer,2,https://github.com/michaeltyson/TPCircularBuffer/commit/0e9e2953040d1dc357ae4035263a87e5ee5e3ba7
https://github.com/troglobit/inadyn,296
,259
,17,https://github.com/troglobit/inadyn/commit/f47710d04a813be015c7cda757404cae3904df78
https://github.com/ColdGrub1384/Pyto,109
https://github.com/libass/libass,801,https://github.com/libass/libass/commit/6e83137cdbaf4006439d526fef902e123129707b
,622
,559
,536
,553
,490
,513
,438
,285
,181
https://github.com/ps2dev/ps2sdk,129
,149
,211
https://github.com/Tarsnap/spiped,150
,53
,51
,36
https://github.com/skullchap/chadstr,3
https://github.com/jpmens/mosquitto-auth-plug,232,https://github.com/jpmens/mosquitto-auth-plug/commit/a9182ca76e8bb8aa85bd04edbb79edad358608e5
,215
,163
,89,https://github.com/jpmens/mosquitto-auth-plug/commit/5f10a21d1602d6101ad2602fbb3a5cb2d535fe5d
,86
https://github.com/awslabs/amazon-kinesis-video-streams-webrtc-sdk-c,1898
,1641
,934
,916
,252
,224
,361
,308
,13
,166
,21
https://github.com/openzfsonosx/zfs,603
,401
,185
https://github.com/dlbeer/quirc,39
,9
https://github.com/OpenStickCommunity/GP2040-CE,1175
https://github.com/raptorjit/raptorjit,191
https://github.com/hzeller/gmrender-resurrect,200
https://github.com/RedisAI/RedisAI,832
,847
,553
,549
,575
,521
,457
,210
https://github.com/DCurrent/openbor,120
https://github.com/analogdevicesinc/no-OS,2264
,2221
,2180
,2177
,2210
,2096
,2161
,2140
,2139
,2111
,2097
,2086
,2083
,1788
,2076
,2078
,2105
,2110
,1941
,1957
,1935
,1949
,1818
,1855
,1921
,1833
,1825
,1816
,1813
,1887
,1706
,1687
,1590
,1431
,1357
,1274
,1393
,1225
,1258
,1103
,1006
,821
,823
,636
,666
,637
,427
,276
,283
,93
,91
,95
https://github.com/c9s/r3,141
,114
,95
,31
,82,https://github.com/c9s/r3/commit/292b082c78cef795cc9c9f1efe43e75c7c5a5777
https://github.com/tmewett/BrogueCE,112
https://github.com/any1/wayvnc,73
https://github.com/OpenPrinting/cups,815
,814
,835,https://github.com/OpenPrinting/cups/commit/c7b7ad8a485d656ab2bde9ee9becebac08d92e5e
,813,https://github.com/OpenPrinting/cups/commit/7781cc73cd69cc6c3eba526ac4851d9604e68d43
,655
,590
,469
,218
,12
https://github.com/mptre/pick,106
https://github.com/astronautlevel2/Anemone3DS,286
,239
https://github.com/emersion/slurp,9,https://github.com/emersion/slurp/commit/7a003c5d0cb4e229ba2bcef93dc4920bf662dbc1
,10
https://github.com/arkq/bluez-alsa,593
https://github.com/galkahana/PDF-Writer,140
,134
,122
https://github.com/eleme/corvus,95
https://github.com/eXeC64/imv,262
,134
https://github.com/mongodb/mongo-c-driver,1530
,1459
,1364
,1347
,1406
,1177
,1118
,921
,930
,854
,758
,753
,640
,254
,94
,21,https://github.com/mongodb/mongo-c-driver/commit/3e3bef5b2156f1ae38621f71eb8893a6bbc52da8
https://github.com/nodogsplash/nodogsplash,417
,240
,268
https://github.com/emqx/neuron,2050,https://github.com/emqx/neuron/commit/c7c60e461d6ffa4c3499e9a8a7f8ad8deccdc0e7
,2053
,2052
,2051
,1927
,1926
,1708
,1715
,1726
,1575
,1638
,1637
,1428
,1427,https://github.com/emqx/neuron/commit/e249a39238995aa8c9d84a3f7110c883f8327435
,1437
,1188
,1107,https://github.com/emqx/neuron/commit/80c7d0f81193023f7453758305e034e89429cd41
,1083
,1079
,983,https://github.com/emqx/neuron/commit/96aa7cd69fbf7bac3f623d2dad32d3f5562ab1e6
,981,https://github.com/emqx/neuron/commit/08efaf5b99a0d9b22a74b1a8695d846b238ad8e2
,955,https://github.com/emqx/neuron/commit/d35fd4db0813ec93ea8c2110ca77a847462d65d3
,752
,635
,579,https://github.com/emqx/neuron/commit/cd973f3737804fc16e1a79ac362b673b05be7d0c
,573,https://github.com/emqx/neuron/commit/f4e63826fde663e32f9ea42a796c42504cfe09f9
,289
,295
,211
,112
,134
https://github.com/coreos/rpm-ostree,2411
,4559
,4486
,4557
,4275
,3606
,3260
,3371
,3097
,2734
,2661
,2177
,2163
,2074
,157
https://github.com/apache/mynewt-core,2878
,2178
,2042
https://github.com/RedisLabs/redisraft,621
,632
,211
,229
,406
,221
,286
,32,https://github.com/RedisLabs/redisraft/commit/a0d628701c34d3d894bc2228b80cde9f3d545aee
https://github.com/assaultcube/AC,139
,46
https://github.com/lwindolf/liferea,1146
,1073
https://github.com/Interrupt/systemshock,160
,190,https://github.com/Interrupt/systemshock/commit/64102985c2a3c859671f8a97ff6832e5f4ebba97
https://github.com/jtheoof/swappy,4
https://github.com/sass/sassc,196,https://github.com/sass/sassc/commit/027170526dbb572b805f6961fcfd595d34b05bc9
https://github.com/yquake2/yquake2,1148
,732,https://github.com/yquake2/yquake2/commit/bc6a40e27ee8fba6802a1701c9532d63eb298765
,680
,599
,232
https://github.com/venam/2bwm,52,https://github.com/venam/2bwm/commit/d1914da4a4daceada665cf1f6e77617c7bebafd1
,44
https://github.com/ndless-nspire/Ndless,263
https://github.com/aflnet/aflnet,9,https://github.com/aflnet/aflnet/commit/7d81b6b8f238897e080cae5e63a714d41f317c7d
https://github.com/memtest86plus/memtest86plus,410
https://github.com/GenericMappingTools/gmt,6054
,5315
,7955
,7758
,7733
,7333
,7190
,7248
,6000
,5953
,5179
,5101
,5227
,5220
,5102
,4480
,4647
,4272
,4454
,4255
,4097
,3829
,3696
,3630
,3510
,2833
,2657
,3028,https://github.com/GenericMappingTools/gmt/commit/de11cafee03a3a12c302a15fd663a3343c3c2534
,2736
,3396
,3532
,2735
,3291
,1819
,928
,1071
,211
https://github.com/MycroftAI/mimic1,86
https://github.com/libxsmm/libxsmm,594
,528
,525
,487
https://github.com/nrfconnect/sdk-nrf,15593
,17175
,15810
,15060
,13939
,14311
,13612
,13465
,13010
,13597
,12238
,13807
,13513
,12299
,12484
,12396
,11829
,12697
,12066
,11930
,11880
,11424
,9780
,9554
,9548
,9653
,9890
,8465
,9007
,7488
,8188
,5561
,5062
,5776
,5260
,7056
,5960
,5252
,5853
,6527
,4905
,4609
,5067
,4430
,4356
,5436
,4056
,4450
,3755
,3160
,3678
,1099
,2084
,1227
,1391
,1197
,1587
,606
,832
,65
,166
https://github.com/septag/rizz,12
https://github.com/csete/gpredict,315
,224
https://github.com/berkeley-abc/abc,156
https://github.com/HaxeFoundation/hashlink,512
,630
,515
,101
https://github.com/mikeryan/crackle,8
https://github.com/gramineproject/graphene,2658
,2452
,2505
,2585
,2487,https://github.com/gramineproject/graphene/commit/16f365feebe4e8738be43a01655b7e6875d87d81
,2584
,2383
,2124
,2453
,2267
,1999
,2168
,2313
,1969,https://github.com/gramineproject/graphene/commit/673785bfe01f9b2863a5a8333535a447c296c771
,2109
,2182
,2075
,1800
,1776
,1902
,1763
,1795
,1975
,823,https://github.com/gramineproject/graphene/commit/d17c7f78afc51bc6f16ed2588bb06435e2a455d6
,1949
,1497
,1866
,1327
,1320
,1067
,1325
,1294
,1550
,1446
,1219
,1279
,1229
,898
,1174,https://github.com/gramineproject/graphene/commit/c40b3337280cb59ba511120dc8887ca501e1b77c
,1254
,1128
,1430
,1033
,1024
,775,https://github.com/gramineproject/graphene/commit/cfb29f0db0eb1cb2895138a41a3e377e3891a2a9
,1012
,180
,869,https://github.com/gramineproject/graphene/commit/a9681fd20c68b5069c6e78f89b563517084413ca
,357,https://github.com/gramineproject/graphene/commit/e0506e43aaa99ad06a37b992f6e861b1b180cf44
,352
,832
,773
,404
,562
,403
,427
,353,https://github.com/gramineproject/graphene/commit/ddd4e3d20d83087f50fb8c43104662911b900e1f
,360
,332
,626
,590
,734
,641
,622
,248
,247
,281
,183
,86
https://github.com/WebAssembly/wasi-libc,214
,118
,109
https://github.com/flang-compiler/flang,1304
,1219
https://github.com/luben/zstd-jni,309
,120
https://github.com/obgm/libcoap,1409
,1391
,1216
,760
,942
,877
,686,https://github.com/obgm/libcoap/commit/a9a0a3a729ab600e294aa6b4d2476773332b564e
,622
,536,https://github.com/obgm/libcoap/commit/b3eacf2eacb1389e8020bc353a0221fab0c2d896
,499
,475
,353
,349,https://github.com/obgm/libcoap/commit/cc63387dad266c137f376859e8b299907e485b62
,282
,223,https://github.com/obgm/libcoap/commit/df665114c68b8224e5b1b1748a8fb71cee5142b6
,189
,186,https://github.com/obgm/libcoap/commit/884e7d9162b4b85fe50a997606961368999b1c33
,157,https://github.com/obgm/libcoap/commit/11224dde47b333709dd15be40964672c0f482a94
,116
https://github.com/theori-io/nrsc5,141
,143
,140,https://github.com/theori-io/nrsc5/commit/258a02a664c0f6835480d51d53c09a3a0039fc3f
https://github.com/luvit/luv,694
,525,https://github.com/luvit/luv/commit/5a767cbe5bd3e3035dcf954ce4867517796e638c
,526,https://github.com/luvit/luv/commit/bc5fb120f2fde176dbcf088b562313a2ecc3391b
,422
,430
,389
,385
https://github.com/GaijinEntertainment/daScript,820
,601
,407
,449
,134
https://github.com/adsr/mle,62
https://github.com/tats/w3m,203,https://github.com/tats/w3m/commit/b0ebd5737e903b48060a93fc29908b62b1bfd74e
https://github.com/axiak/pybloomfiltermmap,24,https://github.com/axiak/pybloomfiltermmap/commit/3dabb579f8c94054bdeff7c6f0432d3824f125c0
https://github.com/wifidog/wifidog-gateway,28,https://github.com/wifidog/wifidog-gateway/commit/3686a1364aefe74ee4de1dc5560882f4962014dc
,169
,71,https://github.com/wifidog/wifidog-gateway/commit/a79ca68eace1465ac20731d9c331fc69bdf888b0
,136
,159,https://github.com/wifidog/wifidog-gateway/commit/b72df27c3ebbb18334aa8105c212ed1d0c4783a9
https://github.com/samtools/htslib,1779
,1754,https://github.com/samtools/htslib/commit/3e11d0e335bfdf34db3ba5f61d52d1d19a60bdfe
,1749
,1729,https://github.com/samtools/htslib/commit/31e5a5f972b137ec3738bfd565652270904f7112
,1701
,1671
,1681
,1449
,1548
,1529
,1484
,1463
,1340
,1289
,1274
,1258
,1216,https://github.com/samtools/htslib/commit/53d7277ad2feb71e2e65f6c71107d854e89c7440
,1276
,1215,https://github.com/samtools/htslib/commit/c56cfaa31ba6a15a226ec6e3e0b25eea53b255f8
,1214
,1208
,1178,https://github.com/samtools/htslib/commit/b710781df0d9bb6f665756316653554fe32e5c68
,1117
,1072
,1054
,997
,921
,916
,870
,666
,465
,759,https://github.com/samtools/htslib/commit/bafea32a7a2cc4054522e2043e3faf544ce5f137
,732
,526
,442
,424,https://github.com/samtools/htslib/commit/d58eab8f79cd768ff72078d45617be8e1039f137
,160
,68,https://github.com/samtools/htslib/commit/f6c37a59ec038072fb57da158f260be6225f5050
https://github.com/aarond10/https_dns_proxy,154
https://github.com/AravisProject/aravis,690
,681
,550
,344
https://github.com/LekKit/RVVM,90
https://github.com/NMSSH/NMSSH,67
https://github.com/seccomp/libseccomp,205
https://github.com/ultravideo/kvazaar,177
,61
https://github.com/vkoskiv/c-ray,88
https://github.com/ged/ruby-pg,510
https://github.com/JoshMarler/react-juce,101
https://github.com/berry-lang/berry,329
,88,https://github.com/berry-lang/berry/commit/e7a93ec2e395d2ec739bb8d8ae0a256e0df640c0
,80,https://github.com/berry-lang/berry/commit/2b0754ab443f41aad636ca01b4fdea23da5dd115
https://github.com/balde/balde,27
,6
https://github.com/Atoptool/atop,269,https://github.com/Atoptool/atop/commit/4e0c147f681d2decbc220a538010173b4be86f84
,239,https://github.com/Atoptool/atop/commit/a273887b2defb457e0e5b1c58c5c906683b58921
https://github.com/owntracks/recorder,471,https://github.com/owntracks/recorder/commit/eb001ef2aae5393fb3cbf6aa8c8270fd42028d7a
,256
https://github.com/riverloopsec/killerbee,164,https://github.com/riverloopsec/killerbee/commit/f651fb1f0b1c6c7671a3f463bda27bf7633b994a
,167
https://github.com/rhboot/shim,422
,394
,350
https://github.com/eclipse-cyclonedds/cyclonedds,2023
,1978
,1941
,1971
,1775
,1788
,1541
,1501
,1349
,1389
,1321
,1352
,1299
,1281
,1230
,1167
,1055
,689
,1039
,1015
,1022
,904
,903
,615
,919
,596
,591
,512
,691
,732
,588
,559
,450
,439
,448
,273
,251
,246
,180
,183
,70
,76
,84
https://github.com/nginx/njs,779
https://github.com/armon/libart,33
https://github.com/freebsd/pkg,2295
,2049
,1473
,1324
,125
https://github.com/pygraphviz/pygraphviz,7
https://github.com/OSGeo/grass,4506
,4508
,4496
,4505
,4498
,4497
,4458
,4457
,4464
,4461
,4422
,4388
,4423
,4369
,4389
,4320
,3619
,3618
,3617
,3872
,3602
,3069
,3828
,3004
,3071
,2486
,778
,1501
https://github.com/DataDog/zstd,83
,40
https://github.com/managarm/mlibc,83
https://github.com/sipwise/rtpengine,1013
,512
,316
,253
,225
,139
https://github.com/jpbruyere/vkvg,62
https://github.com/sepfy/libpeer,9,https://github.com/sepfy/libpeer/commit/b5eb6d6211829d145d1a8cf7817c220b0a016984
https://github.com/ramapcsx2/gbs-control,406
https://github.com/TimeToogo/ff-proxy,17
https://github.com/lexborisov/Modest,42
https://github.com/alekmaul/pvsneslib,184
https://github.com/openresty/stream-lua-nginx-module,220
https://github.com/dorimanx/exfat-nofuse,100,https://github.com/dorimanx/exfat-nofuse/commit/8dfaad7e38814602a5b8428389cc8e9e4e1faf84
https://github.com/munificent/mark-sweep,4
https://github.com/snowballstem/snowball,166
,107
,56
https://github.com/apache/hawq,1346,https://github.com/apache/hawq/commit/a1acf9638b9834424718349aa8c75f21a614f1fe
,896
,368
,348
https://github.com/riolet/WAFer,6,https://github.com/riolet/WAFer/commit/a114c8dd11da1f51d093787ebfa5b570881a694c
https://github.com/jvoisin/snuffleupagus,18
https://github.com/fangfufu/httpdirfs,27
https://github.com/travisvroman/kohi,171
https://github.com/bytedance/tailor,15
https://github.com/rmagick/rmagick,1406
,960
,1024
,1023
,816
,809
,773
,665
,680
,776
,683
,778
,563
,642
,450
,451
,454
,461
,452
,453
,412
,460
,459
,418
,413
,414
,415
,416
,417
,419
,396
,401
,391
,384
,383
,382
,381
,377
,372
,373
,374
,410
,411
,367
,357
,358
,360
,361
,409
,389
,390
,385
,379
,378
,312
,375
,364
,359
,348
,347
,346
,380
,349
,376
,362
,345
,324
,489
,370
,537
,354
,511
https://github.com/rauc/rauc,1464
,1377
,1374
,1400
,1219
,1119,https://github.com/rauc/rauc/commit/6642c5cbf99fd873bd3120fafdf98af6fe9c7bee
,1161
,1143
,1159
,1128
,1197
,1104,https://github.com/rauc/rauc/commit/a626c19e61d9824f07b4e33acab5d862293560b1
,1099,https://github.com/rauc/rauc/commit/e666c06bda3e91af455d1996442fd3bb9877c096
,1160
,1076,https://github.com/rauc/rauc/commit/525cabc919ed90453f210fe5b65acbd6974f7ea4
,1080
,1105
,1087
,871
,880
,868,https://github.com/rauc/rauc/commit/f64441af3b4c14bbf908603cec77d295b1782e32
,872
,879
,918
,721
,434
,649
,648
,616
,428
,383
,381
,345
,84,https://github.com/rauc/rauc/commit/ff1a62c48a8a487f1024c06ea353a9559360af12
https://github.com/cntools/libsurvive,17
https://github.com/aizvorski/h264bitstream,27
https://github.com/dyninst/dyninst,1789
,895
,879
,795
,835
,793
,866
,871
,758
,588
,286
,333
,329
https://github.com/librsync/librsync,147
https://github.com/MoarVM/MoarVM,1843
,1645
,1419
,1690
,1461
,1416
,1336
,1261,https://github.com/MoarVM/MoarVM/commit/09b88efb00c51022def558c869bb1cfc53d89541
,1233
,1166
,1125,https://github.com/MoarVM/MoarVM/commit/3241e9f548ebb571d3b949e1465de56882ef4645
,1072
,941
,921,https://github.com/MoarVM/MoarVM/commit/46c08a0e8e840340e42d80b9b40b46ed230d60e5
,766
,674
,605
,676
,516
,506
,490,https://github.com/MoarVM/MoarVM/commit/4d87b1cc704ce9274c8dc6c6dd3d8e5c4e849e3c
,429,https://github.com/MoarVM/MoarVM/commit/da6a53089bad85dcd4c2d1453706ce10b698f800
,406
,235,https://github.com/MoarVM/MoarVM/commit/59ee270730c6047b684d59ec0df8d226b5eea5ed
,241,https://github.com/MoarVM/MoarVM/commit/1a4e7d8ed98dad97139ed6c08fa66c8ac1c6ae4f
,242,https://github.com/MoarVM/MoarVM/commit/be09cbef9d650f19cb2da3fe8fe86cb19a1a6fe5
https://github.com/mozilla-services/hindsight,89
https://github.com/hse-project/hse,613
,362
,361
,301
,428
,316
,325
https://github.com/libhybris/libhybris,457
,83
https://github.com/IvorySQL/IvorySQL,684
,526
,494
,462
,525
https://github.com/square/subzero,435
,434
,375
,373
,362
,361
,334
,333
,371
,370
,368
,367
,353
,282
,281
https://github.com/tpm2-software/tpm2-tss,2268
,2269
,2434
,2221
,1884
,2263
,1801
,1802
,2245
,1992
,1892
,1883
,1900
,1898
,1735
,1879
,1645
,1496
,1266
,1282
,1242
,1091
,752
,656
https://github.com/vasi/pixz,69,https://github.com/vasi/pixz/commit/943932c0e8a93a0522a5bc1d0839667c5db7e12e
https://github.com/Yubico/yubico-pam,189,https://github.com/Yubico/yubico-pam/commit/5498bcf53f3104f68aeba8c9c57870bf0ed63ebc
https://github.com/rusefi/rusefi,3476
,3217
https://github.com/liudf0716/xfrpc,40
https://github.com/NVIDIA/libnvidia-container,285,https://github.com/NVIDIA/libnvidia-container/commit/38dc3d6a1c21e0c26f3b496be97ea6285e7aeb38
https://github.com/skylersaleh/SkyEmu,40
https://github.com/DisplayLink/evdi,327
https://github.com/vmware/splinterdb,617
,609
,567
,483
,442
,472
,393
,266
,263
,296
,394
,271
https://github.com/daos-stack/daos,15010
,15009
,13257
,14548
,14231
,14436
,13566
,13398
,13402
,13403
,13382
,12988
,13007
,12026
,12463
,12502
,13128
,12142
,12507
,12389
,12372
,12391
,12171
,12036
,12259
,12518
,11929
,11957
,12218
,11834
,11795
,11736
,11345
,10024
,10731
,10926
,10681
,11319
,10732
,10469
,10441
,10772
,10152
,10202
,9338
,9948
,5111
,9045
,8598
,8306
,7232
,7381
,7259
,7155
,7060
,7174
,6762
,6325
,7891
,6979
,6417
,6790
,6656
,6107
,7842
,6218
,6665
,6403
,5357
,4969
,5633
,5848
,6340
,5204
,5098
,5642
,5071
,5665
,5788
,5078
,4944
,4561
,4440
,5013
,4696
,4712
,6617
,5255
,5009
,5457
,4443
,5552
,5987
,4532
,5008
,4207
,4850
,4807
,4794
,4557
,4713
,5962
,6036
,4680
,3957
,5025
,3973
,4403
,5495
,4480
,3951
,4490
,4220
,4400
,3851
,3852
,3696
,6875
,3430
,3410
,5080
,3662
,3440
,4087
,3567
,5778
,3950
,4193
,3766
,3536
,5154
,3205
,3023
,3684
,3902
,3086
,3439
,3405
,2527
,3262
,2977
,2615
,2697
,3265
,3153
,2589
,2534
,2559
,2784
,2947
,3392
,2000
,1927
,1903
,3211
,2087
,2596
,1977
,1980
,1831
,1837
,1872
,2449
,1678
,1477
,1489
,1548
,1640
,1089
,1435
,1189
,1801
,1391
,1596
,1386
,1273
,1260
,1278
,1033
,1982
,693
,1032
,758
,717
,654
,614
,637
,734
,904
,404
,277
,443
https://github.com/digital-fabric/polyphony,31
https://github.com/openpbs/openpbs,2605
,1281
,2512
,2191
,2430
,2478
,2203
,2380
,2384
,2201
,2434
,2259
,2235
,2198
,2188
,662
,644
,2139
,1861
,1902
,1854
,1895
,1007
,1001,https://github.com/openpbs/openpbs/commit/c932ad3e8602c13b724524ae16456a2f17d30061
,1645
,1601
,1811
,1032
,1653
,1598
,1640
,1641
,2000
,1509
,1501
,1338
,1448
,850
,1394
,1319
,1216
,1228
,1256
,621,https://github.com/openpbs/openpbs/commit/c25a772e7701501f1b89a21ceb170ef337cfbc91
,1179
,1170
,1194
,1297
,1182
,1067
,1081
,1227
,1135
,996
,1101
,755
,1030
,1095
,832,https://github.com/openpbs/openpbs/commit/b7beac9b10f688fc8652b3f121ffb51010eed04f
,803
,903
,814,https://github.com/openpbs/openpbs/commit/80b9924c14c433d9cf8d610a2330f15a867dfa11
,915
,542
,824
,651
,624
,679,https://github.com/openpbs/openpbs/commit/8f21623c40eee7fea765fe715cf0da69eb78ae99
,672
,610
,734,https://github.com/openpbs/openpbs/commit/93ecf666483f58c00bde0cfca42c755e5b1dc235
,508
,558
,527
,502
,436
,425
,435,https://github.com/openpbs/openpbs/commit/2905a0070432bb52db5a3b55ce75453f43dada90
,534
,493
,356,https://github.com/openpbs/openpbs/commit/fbc1b976e6c053d42cd45fcc2dc1ff993a52f5a1
,483
,355,https://github.com/openpbs/openpbs/commit/546575965a82a8ea5d25cd9c9334dcb9133a2eeb
,559
,315,https://github.com/openpbs/openpbs/commit/929af52e2255fbeda45e8be138a5ebec6e8932ee
,346
,278
,221
,54,https://github.com/openpbs/openpbs/commit/24568625fb9d27f5d77466ffc36b07b06b771957
,60
,8
https://github.com/frida/frida-gum,685
,584
,561
,360
,206
https://github.com/WuBingzheng/memleax,43
https://github.com/trilogy-libraries/trilogy,144
,147,https://github.com/trilogy-libraries/trilogy/commit/68f03d5e7a3d284acb3d987bcb6c69fed047f239
,33,https://github.com/trilogy-libraries/trilogy/commit/7f9e91e7b4b16d7cab73f80aba901fa1b65530f9
https://github.com/nnstreamer/nnstreamer,4545
,4410
,4494
,4400
,4269
,4406
,4212
,4309
,4263
,3722
,4129
,4070
,4218
,4142
,4117
,3781
,3729
,3390
,3615
,2534
,3423
,2490
,3321
,3207
,3234
,3178
,2430
,3064
,3057
,3062
,3163
,3308
,3224
,3067
,2184
,3143
,3215
,2478
,2686
,2583
,2764
,2652
,2495
,2047
,2346
,2108
,2347
,2387
,2087
,2049
,1356
,1684
,1056
,1535
,1397
,1385
,1383
,1198
,1252
,1066
,1045
https://github.com/tpm2-software/tpm2-tools,3013
,2355
,2197
,2262
,2142
,2143
,2109
,1707
,1300
,1270
,1120
,986
,738
,567
,559
,116,https://github.com/tpm2-software/tpm2-tools/commit/e9d8245ad29ac35ace3fb389ed37e0985e216216
https://github.com/gphoto/gphoto2,88,https://github.com/gphoto/gphoto2/commit/865e1737b8b617f8568856ee82976f33057a7718
https://github.com/libvmi/libvmi,1102
,1029
,1006
,896
,830
,764
,687
,710
,717
,742
,713
,516
,416
,412,https://github.com/libvmi/libvmi/commit/abfef5655090fb4e5d350191252ea57a8f1e96c7
,225,https://github.com/libvmi/libvmi/commit/8e9c3dd6718cddd9c3b08679b4ae8a2c7ee5fa48
,231
,126,https://github.com/libvmi/libvmi/commit/8a094020710409421f672aa23e6a06f30500a142
,93,https://github.com/libvmi/libvmi/commit/5a295e7ab234aba27e74c728d5c21de988c46ae0
,46
https://github.com/LibVNC/x11vnc,55,https://github.com/LibVNC/x11vnc/commit/fd909e92117aa0857656da736941a55db6b14ad2
https://github.com/devkitPro/3ds-hbmenu,47
https://github.com/CCExtractor/ccextractor,1446
,1187
,1206
,1177
,402
,1105
,989
,963
,478
,617
,585,https://github.com/CCExtractor/ccextractor/commit/cc7692d7ebc03641c448cbadfe65e1573c4c98f6
,550,https://github.com/CCExtractor/ccextractor/commit/996c18fca01d5432318a60f7f6378fb0bfd97f0b
,579
,578,https://github.com/CCExtractor/ccextractor/commit/06fdd51104fc8da112d98cfca41fa4f47d6a53be
,486,https://github.com/CCExtractor/ccextractor/commit/941d5544cfe28327fdad666d0943075ac9e0131c
,634
,206
,197
,135
https://github.com/f-prime/fist,44
,42
,6
https://github.com/ktap/ktap,91,https://github.com/ktap/ktap/commit/8d7a81ad81a3c677ec9383dd23a980efeee9e324
https://github.com/freeglut/freeglut,155
https://github.com/sonic-net/sonic-buildimage,19186
,18899
,19121
,18606
,18991
,18272
,18889
,18823
,18888
,18669
,18374
,17977
,17484
,18141
,18051
,17510
,17108
,15703
,15788
,15718
,15787
,15138
,15491
,15492
,15310
,13388
,11812
,9431
,9474
,7561
,13260
,10473
,11788
,11524
,11387
,11773
,11774
,11466
,11534
,12205
,12206
,11380
,11643
,10644
,10953
,10266
,10470
,9762
,9857
,6692
,8659
,8839
,6662
,7003
,6118
,6628
,5866
,5630
,4652
,4739
,4729
,4722
,4610
,3889
,4125
,1879
,3128
,3131
,3117
,3127
,2963
,2856
,2367
,1912
,1150
,1127
https://github.com/EionRobb/skype4pidgin,518
https://github.com/CristianHenzel/ClipIt,110,https://github.com/CristianHenzel/ClipIt/commit/f82c6ca29d5a9f5b03a834b640e3e53f496743ff
https://github.com/ptitSeb/gl4es,433,https://github.com/ptitSeb/gl4es/commit/84df8f69570518cc62db190e1e932fc457d08ca3
https://github.com/libtom/libtommath,348
,265
,282
,192
https://github.com/sgminer-dev/sgminer,316,https://github.com/sgminer-dev/sgminer/commit/a39316dbd364007f0ac64d7c95457fbea41dbab1
https://github.com/mentebinaria/readpe,176
,120
,34
,32
,42
https://github.com/monkey/monkey,412
,381
,352
,361
,357
,337
https://github.com/tree-sitter/py-tree-sitter,82
,53,https://github.com/tree-sitter/py-tree-sitter/commit/e961cb121f22f394000404b3cdaeb79d8e4f9f6d
,52
https://github.com/VincentWei/MiniGUI,118
https://github.com/libplctag/libplctag,169
,172
,156
,2,https://github.com/libplctag/libplctag/commit/e4fc24530d2d6dedb795edd4747a9d2725cc96ca
https://github.com/acados/acados,1079
,342
,179
,177
,127
,63
https://github.com/agroal/pgagroal,393
,286
https://github.com/jarun/bcal,9
https://github.com/tinygo-org/bluetooth,266
,208
,231
https://github.com/k-takata/Onigmo,2,https://github.com/k-takata/Onigmo/commit/28b868d288a609b6e470e4c0cb2c3576bec752ac
https://github.com/robm/dzen,9,https://github.com/robm/dzen/commit/ef8829b55eb29f03d780e0553c54271c0711dce5
https://github.com/apache/mynewt-nimble,1750
,1700
,385
,221
,149,https://github.com/apache/mynewt-nimble/commit/c8909e00183e6fa1969ecfc2ee1b8168288dea61
,139
https://github.com/priitj/whitedb,20,https://github.com/priitj/whitedb/commit/78c972c7a4c5f99537f4e15d0be409bf27f628e3
https://github.com/ruby/prism,1993,https://github.com/ruby/prism/commit/9608aa386e4d5c8b62749c93d013107dfb5a5dee
,1848,https://github.com/ruby/prism/commit/68112c556e31b57bd8f7c0657bcdf7ff3f4ebec9
,2486
,2366
,1189,https://github.com/ruby/prism/commit/0071bee0bbd2da1dcdfba33e9c0394c910f76710
,1119,https://github.com/ruby/prism/commit/d0c61824fde14181c92c05c14f2894e0d1bf8750
,1030
,935
,1107,https://github.com/ruby/prism/commit/96e9d92ad52572d92c1bb795aa4a670fda6ceea7
,1093
,304
,841,https://github.com/ruby/prism/commit/bd704c173e3bb5e1aeea1ec24e85149b9af733fb
,1266
https://github.com/karimnaaji/voxelizer,8
https://github.com/kubernetes-sigs/security-profiles-operator,2475
,2494
,1879
,1802
,1316
,752
,473
https://github.com/dvidelabs/flatcc,199
https://github.com/bradharding/doomretro,775
,774,https://github.com/bradharding/doomretro/commit/8d71c6c2b5a19d43614a7767e7d8b873ff221c78
,772,https://github.com/bradharding/doomretro/commit/14febca247bffc836544e3258eac2cbe187f29ae
,769,https://github.com/bradharding/doomretro/commit/570aa70aa330ea79ceeeada2b5e0faaace00ea5d
,768
,770,https://github.com/bradharding/doomretro/commit/f1d6c8823b9774ef8f0b657bbffc99fce3d7582c
,509
,508,https://github.com/bradharding/doomretro/commit/b954526287854c8673a7d4e0207fad3f4bdac727
,504,https://github.com/bradharding/doomretro/commit/4852bc124bfc80383c6cdc037e570b282c985e0d
,407
,381
,212
https://github.com/notsecure/uTox,799
,200
https://github.com/dinhvh/libetpan,410
,281
,124
https://github.com/ssdeep-project/ssdeep,6
https://github.com/pq-crystals/kyber,1,https://github.com/pq-crystals/kyber/commit/62fe2dd44a6bac9978be80eb1c457af824ee58f6
https://github.com/VirusTotal/yara-python,157
,94
https://github.com/libMesh/libmesh,3821
,3350,https://github.com/libMesh/libmesh/commit/e94f1d1c704a03f2aa4f6b0dbbfac5c033121e76
,3274
,3164
,2875
,2828
,1860
,1226
,2758
,2731
,2244
,2137
,2047
,1527
,1572
,1443
,1378
,1264
,1297
,1135
,1096
,992
,807
,787
,494,https://github.com/libMesh/libmesh/commit/70460b2f274eb68efd52cd485dfb035f140c8a71
,315
https://github.com/selsta/hlsdl,55
https://github.com/tempesta-tech/tempesta,2212
,2225,https://github.com/tempesta-tech/tempesta/commit/7d323cbd72650781d7c1f6f0cf62be4e9e0fad81
,2224,https://github.com/tempesta-tech/tempesta/commit/0ee3768dcf9d3e8f0908ffc3718f91d007e4c231
,2223
,2140
,2165,https://github.com/tempesta-tech/tempesta/commit/dcded976eedeea4cba22b8b0cb96c24b5cb95613
,2168
,2077
,1734
,2105
,2068
,1798
,1687
,1643
,1557
,1552
,1564
,1550
,1497
,1449
,1458
,1375
,1383
,1348
,1264
,1037
,874
,870
,849
,851
,741
,839
,662
,480
https://github.com/eteran/c-vector,37
,33
,11
https://github.com/intel/libva,682
,701
,687
,621
,614
,584
,328
https://github.com/drowe67/codec2-dev,107
,120
,108
,51
,90
,81
,42
https://github.com/iputils/iputils,83
,80
https://github.com/samtools/bcftools,2108
,1092
,1000
,485,https://github.com/samtools/bcftools/commit/9a4faf9a92942e41cad637e8fdf8ec0a439ccdc1
https://github.com/OpenAMP/open-amp,362
https://github.com/nsxiv/nsxiv,247
,134
,135
,57
,165
,20
https://github.com/hypre-space/hypre,1107
,1145
,1112
,1117
,896
,890
,873
,844
,836
,889
,806
,817
,741
,677
,638
,495
,491
,448
,392
,285
,170
,190
,82,https://github.com/hypre-space/hypre/commit/85fecd552e77b28f9607ab5a9f8ac62629afeb18
https://github.com/iondbproject/iondb,39
https://github.com/liudf0716/apfree-wifidog,143
https://github.com/bbcmicrobit/micropython,150
https://github.com/uroni/urbackup_backend,2
https://github.com/bitmovin/libdash,26
https://github.com/jiejieTop/mqttclient,82
,59,https://github.com/jiejieTop/mqttclient/commit/8eef1a549ba46565370fa14841ed19614e8f3148
https://github.com/mtrojnar/osslsigncode,366
,339
,212
,210
,217
,137
,48
,58
https://github.com/bitlbee/bitlbee,3
https://github.com/h2o/quicly,589,https://github.com/h2o/quicly/commit/6c0bc1b2682d2b7fc2680ac141f73f96066e9981
https://github.com/pygobject/pycairo,42
https://github.com/hannorein/rebound,649,https://github.com/hannorein/rebound/commit/75160412d5d54b7b294f0525d038e51a7d1e25a9
,93
https://github.com/adafruit/Adafruit_nRF52_Arduino,827
https://github.com/dethrace-labs/dethrace,371
,265
,108
https://github.com/i3/i3status,416
,393
,290
,209
https://github.com/eezstreet/OpenD2,43
https://github.com/lldpd/lldpd,584
,437
,418,https://github.com/lldpd/lldpd/commit/a8d3c90feca548fc0656d95b5d278713db86ff61
,345
,109
https://github.com/h2zero/NimBLE-Arduino,352
,49
https://github.com/inclavare-containers/inclavare-containers,1111
,278
https://github.com/libts/tslib,68
https://github.com/area9innovation/flow9,1346
,406
https://github.com/Azure/azure-iot-sdk-c,2599
,2311
,2240
,1915
,1994
,1922
,1537
,1565
,1596
,1491
,1460
,1439
,1151
,1087
,247
https://github.com/KhronosGroup/SPIRV-Reflect,112
,9
https://github.com/ckolivas/lrzip,77
https://github.com/tinyalsa/tinyalsa,159
,151
,137
https://github.com/retro-esp32/RetroESP32,61
https://github.com/geany/geany-plugins,1346
,1290,https://github.com/geany/geany-plugins/commit/a8c8ca2a83672291136117fbab53ed0ceae23776
,1024,https://github.com/geany/geany-plugins/commit/2a8969f0f69ba5dba96298a314004d3adfff6300
,903,https://github.com/geany/geany-plugins/commit/7b1c976007a9ea403835f4f671a39a6c657d8c89
,755,https://github.com/geany/geany-plugins/commit/bb00b19db5252616e55d1bcfb2ad54f7501f8389
,480,https://github.com/geany/geany-plugins/commit/2e42db212f2a392bfc5d4c4c1c51f3c24e5e0dd7
,391,https://github.com/geany/geany-plugins/commit/fb53d8cd72868a24da5a0e9e0abbb36febdee53b
,387,https://github.com/geany/geany-plugins/commit/acb1a01ec7b25f4be31fbd83448a8934fe453326
,349
,138
,134,https://github.com/geany/geany-plugins/commit/851d268d16170b2bc53ad686df08cce3a773a7be
,135
,137,https://github.com/geany/geany-plugins/commit/a37b1791dd3c00404c5afb2485d6345d410c1e52
,57
,33
https://github.com/fsevents/fsevents,204
https://github.com/firedancer-io/firedancer,2994
,2473
,2195
,2795
,2226
,2053
,1847
,2428
,1916
,1920
,1049
,500
,132
,414
,144
https://github.com/exeldro/obs-move-transition,217
https://github.com/u0u0/Quick-Cocos2dx-Community,24
https://github.com/mas-bandwidth/reliable,26
https://github.com/lighttpd/lighttpd1.4,61
https://github.com/nasa/XPlaneConnect,23,https://github.com/nasa/XPlaneConnect/commit/97b9c9a6820a5c0e837687ec80ef2bad50bb17fc
https://github.com/php-amqp/php-amqp,391
,46,https://github.com/php-amqp/php-amqp/commit/2f435034cfa4496c67d0c95100a114accb975588
,36,https://github.com/php-amqp/php-amqp/commit/2db4548bf515756450947efb0a6858cebf967f72
,106,https://github.com/php-amqp/php-amqp/commit/3317a1b77089a90ce1ce23af9955d3ae0f09b079
https://github.com/mudita/MuditaOS,4823
,4746
,4685
,4493
,4416
,4465
,4053
,4030
,3995
,3382
,2226
,2337
,2397
,1804
,2040
,1524
,1778
,1381
,1803
,1456
,1224
,771
,1476
,867
,518
,946
,346
,342
,639
,327
,403
,503
,389
,378
,432
,423
,335
,345
,341
,336
https://github.com/LoupVaillant/Monocypher,162
https://github.com/esnme/ultramysql,52
https://github.com/pygame-community/pygame-ce,2665
,2606
,2174
,2031
,2274
,2016
,1944
https://github.com/utelle/wxsqlite3,21,https://github.com/utelle/wxsqlite3/commit/465a2cf2eab54dbc268ca51acc163557d8100fd9
https://github.com/zeromq/php-zmq,212
,26
https://github.com/FWGS/xash3d,34
https://github.com/matrix-org/thirdroom,405
,143
,48
https://github.com/zevv/duc,293,https://github.com/zevv/duc/commit/40c03d58a68fc8f385b8cc832c8fc3e889985048
https://github.com/linux-audit/audit-userspace,349
,270
,61
https://github.com/bitly/simplehttp,70
,48
https://github.com/opencomputeproject/OpenNetworkLinux,824
,822
,762
,524
https://github.com/imatix/gsl,72
https://github.com/kevinlawler/kerf1,15
https://github.com/datto/dattobd,333
,304
,218
https://github.com/gideros/gideros,511
,261
https://github.com/HaxeFoundation/neko,262
https://github.com/Irqbalance/irqbalance,254,https://github.com/Irqbalance/irqbalance/commit/ac4ba0667ba691985796f92e1a4b1932b03895a0
,221,https://github.com/Irqbalance/irqbalance/commit/a61b382805961934c6425f19a762a6ab99884c24
,206
,141
,76
https://github.com/linux-pam/linux-pam,798
,646,https://github.com/linux-pam/linux-pam/commit/36586fc218918ab8d03f8062efbf5081c0349d7e
,648,https://github.com/linux-pam/linux-pam/commit/be9f2fce28c75e8b700c56c37c7e4c2386f726ec
,669
,684
,597
,581,https://github.com/linux-pam/linux-pam/commit/1a734af22a9f35a9a09edaea44a4e0767de6343b
,408
,434
,303,https://github.com/linux-pam/linux-pam/commit/225f17470eed9f44282f435ad1ed64c94d9a2ddf
,291
,135
https://github.com/steineggerlab/foldseek,46
https://github.com/ddccontrol/ddccontrol,160
,55
,52
,16
https://github.com/schellingb/TinySoundFont,65
https://github.com/martijnvanbrummelen/nwipe,562,https://github.com/martijnvanbrummelen/nwipe/commit/c7ada53d4e610dd601bbc7025164a386ec2ffe02
,271,https://github.com/martijnvanbrummelen/nwipe/commit/33690b9e37820473f081f36edfff010faec5ffec
,70,https://github.com/martijnvanbrummelen/nwipe/commit/fa0d72cbafd736791220986f636a515f6bad649c
,72,https://github.com/martijnvanbrummelen/nwipe/commit/f20e7c6b7413f111f0f58a268face74e9a8fe6d8
https://github.com/symisc/vedis,13,https://github.com/symisc/vedis/commit/6b32e77fd25f2a8477cc812fcc4bcfa420c36fc4
https://github.com/yhs0602/Android-Disassembler,456
,132
,126
https://github.com/Azure/iot-edge-v1,189
https://github.com/mgdm/Mosquitto-PHP,54
,14
https://github.com/earthquake/chw00t,1
https://github.com/emersion/xdg-desktop-portal-wlr,159
,141
,120
,75
,59
https://github.com/Samsung/TizenRT,6110
,6284
,6070
,6192
,6265
,5952
,5977
,5944
,5950
,5829
,5617
,5772
,5733
,5639
,5583
,5668
,4998
,4951
,2557
,4873
,4834
,4652
,4520
,4579
,4262
,3923
,3741,https://github.com/Samsung/TizenRT/commit/271b89226d211cef1945dd77a2d9f572b7388f0c
,4196
,3853
,3393
,4026
,3988
,3221
,3296,https://github.com/Samsung/TizenRT/commit/31d532115cb994f30ed2eb6623f8b74da1a4ebdd
,1507
,2587
,1407
,2449
,2104,https://github.com/Samsung/TizenRT/commit/3fb58efcd6a50b93c03eae53fcdace4b1c0ed0c1
,2179
,2153,https://github.com/Samsung/TizenRT/commit/be6280ea95fa801b97067d54265ea042f7eec5b0
,683
,1914
,2519
,1912
,724
,1759
,1391
,1852
,1404,https://github.com/Samsung/TizenRT/commit/40a7270cd33e9349cf388d123dc4449b5607415e
,1537,https://github.com/Samsung/TizenRT/commit/da1b82dc7dbb1ea4d5412d5239061c44ff5bc6d6
,796
,1088,https://github.com/Samsung/TizenRT/commit/bb86edcf5396f64892ed3bd8c7a3fa381b18cb7a
,954,https://github.com/Samsung/TizenRT/commit/fb49f8cd01d50fc4d71c9c4f0f9aad93b6c96325
,993
,1055
,909
,740
,672,https://github.com/Samsung/TizenRT/commit/e97a58507ff63896e6ddbfad1d9316d12a2eacaf
,529
,1147
,525,https://github.com/Samsung/TizenRT/commit/9a6fd91198cc1c28f6466160e35f0cb7fd1e7a4d
,554
,603
,39,https://github.com/Samsung/TizenRT/commit/dc228174fcbb503cdae37488c42e2698bc8da282
,66
https://github.com/freifunk-gluon/gluon,2168
,2301
,1658
,612
,463
https://github.com/cofyc/dnscrypt-wrapper,30
https://github.com/navit-gps/navit,824
,420
,564
,38,https://github.com/navit-gps/navit/commit/5181de37a465e643ce3857321989a0d6beed027a
https://github.com/vhelin/wla-dx,476
,268
https://github.com/OpenSmalltalk/opensmalltalk-vm,458,https://github.com/OpenSmalltalk/opensmalltalk-vm/commit/0a17d73640e258b8d12aae078c90aec459f69c17
,373
,27
,26
https://github.com/wulijun/php-ext-trie-filter,4,https://github.com/wulijun/php-ext-trie-filter/commit/d79a2cb2e73cb7ca259f8997f927c15fa5ae2267
https://github.com/EUA/wxHexEditor,75
,7
https://github.com/DaanDeMeyer/reproc,65
https://github.com/Hamlib/Hamlib,155
https://github.com/mdtraj/mdtraj,294
https://github.com/alt-romes/programmer-calculator,79
,56
,26
,27
,29
https://github.com/ACINQ/phoenix,506
https://github.com/att/ast,1338
,592
,550
,395
https://github.com/xdp-project/xdp-tools,376
,273
https://github.com/Gwion/Gwion,222
,217
https://github.com/Yubico/libfido2,795
,551
,340
https://github.com/zherczeg/sljit,60
,37
https://github.com/JHUISI/charm,199,https://github.com/JHUISI/charm/commit/d2e9853a7b1c4f03e97bc2c0ba684a1bbc9b38fd
,200
https://github.com/nasa/osal,554
https://github.com/jserv/MazuCC,16
,9
https://github.com/libimobiledevice/libplist,43
https://github.com/rryqszq4/ngx-php,27
,25
https://github.com/Yubico/pam-u2f,309
,196
,89
,67
https://github.com/dosemu2/dosemu2,2176
,2173
,2169
,1850,https://github.com/dosemu2/dosemu2/commit/17cdf9be237a42c142218a12c15bffd969390999
,1662
,1245,https://github.com/dosemu2/dosemu2/commit/211f647f5b11c22a21a44a0125fce9ce30d0754c
,1093
https://github.com/jvinet/knock,74
https://github.com/h2o/picotls,486
,385
,211
,210
,119,https://github.com/h2o/picotls/commit/bfffbf6ea8fccd0e75f25649d940cf3aa419e088
,96
https://github.com/bazukas/obs-linuxbrowser,104
https://github.com/schwittlick/ofxDarknet,20
https://github.com/ludocode/mpack,16,https://github.com/ludocode/mpack/commit/98934f36716a81655897d9c71cedce6931aa422f
https://github.com/xelerance/xl2tpd,77
https://github.com/trezor/trezor-crypto,15
https://github.com/stefanberger/swtpm,759
,700
,569
,567
,566
,546
,575
,513
,570
,92
https://github.com/mm2/Little-CMS,401,https://github.com/mm2/Little-CMS/commit/2d543274b07a423708f0ac85b33ba15295565928
,109,https://github.com/mm2/Little-CMS/commit/81a1d693d6fb808e14a7064ff24c9f5149778d01
,98
,101,https://github.com/mm2/Little-CMS/commit/a4d29ab610693e9898b2ff678c1f6caa7ff3422b
,105,https://github.com/mm2/Little-CMS/commit/5c57f9f95d49b0d86f7e09cde7a92bb29c124a5b
,104,https://github.com/mm2/Little-CMS/commit/133094eca3a571183afe9afcb543d9e437481868
,100,https://github.com/mm2/Little-CMS/commit/faa03074aa9fb8beea6dfec249c762aeb29db151
,13
https://github.com/KLab/PlaygroundOSS,18
https://github.com/nrk/phpiredis,21,https://github.com/nrk/phpiredis/commit/abd82a4bbab6fb47beeb1b97fad9697849afd13a
https://github.com/OpenVisualCloud/SVT-HEVC,518
,467
,321
https://github.com/cyrusimap/cyrus-imapd,5040
,4901,https://github.com/cyrusimap/cyrus-imapd/commit/f91e3b43f4acfb60d63c196185019c8b36d555b8
,4843
,4586,https://github.com/cyrusimap/cyrus-imapd/commit/975f97a9800df1acdd5cce120d224132dcf921d7
,4794,https://github.com/cyrusimap/cyrus-imapd/commit/b6149e18fb759b07ada4b4035e2d9bf7bfd2e0e7
,4763
,4608,https://github.com/cyrusimap/cyrus-imapd/commit/50aa6c6ef6bc2f75b526bde173cbe4775bbc89fa
,4647,https://github.com/cyrusimap/cyrus-imapd/commit/301226c7cd95693b192ea6115cae56c19a60b3b8
,4606,https://github.com/cyrusimap/cyrus-imapd/commit/59336f0734aa8c775253f2503d12843b372d9000
,4589,https://github.com/cyrusimap/cyrus-imapd/commit/f8dbaf7531df4327e7bbbae87f6a2e25dc4b54a8
,4588,https://github.com/cyrusimap/cyrus-imapd/commit/b76440c12a45f4c6d20f7144715a64050e3f8b1a
,4575,https://github.com/cyrusimap/cyrus-imapd/commit/94fea268a8018f9138795220e5556ab53f4c1883
,4566
,4539,https://github.com/cyrusimap/cyrus-imapd/commit/ca2c381cdcf5171d8402ae1694333074a66772da
,4552
,4468,https://github.com/cyrusimap/cyrus-imapd/commit/5d13a8f4ade73b0acadb0f9f90b7d7afb544c29b
,4436
,4257
,4422
,4333
,4270,https://github.com/cyrusimap/cyrus-imapd/commit/82d807b8b4025226bac83e56412e48f7c1e12c38
,4259,https://github.com/cyrusimap/cyrus-imapd/commit/7bd6c99d5c96040e1a532cbd7956f84912ec629b
,4271,https://github.com/cyrusimap/cyrus-imapd/commit/395e21c0c850c943da7ed5d5ed2cb7422438878f
,4276,https://github.com/cyrusimap/cyrus-imapd/commit/6e26f7d8c3f6128315beb69094b043a148841929
,4218
,4321
,4081
,4095,https://github.com/cyrusimap/cyrus-imapd/commit/c512f481cc940b74b7ac417961d7b6ae73063bd5
,3663
,3707,https://github.com/cyrusimap/cyrus-imapd/commit/9c594d3a41b9b6a0e48fbf4630ddd213cb89e28a
,3372,https://github.com/cyrusimap/cyrus-imapd/commit/511edaff9d108b64dbe0c7f4775526f489141570
,3619
,3566
,3564
,3538
,3355,https://github.com/cyrusimap/cyrus-imapd/commit/7ac481a44b4abb5518d7d25d7e4c168c5839d254
,3493
,3321
,3312
,3297
,2988,https://github.com/cyrusimap/cyrus-imapd/commit/0d4d2791c68aab0d67364ad69a8aafc8cde82c03
,2938
,2541
,2537,https://github.com/cyrusimap/cyrus-imapd/commit/5d00f649b4d2a599905d1b9290c91a769909741d
https://github.com/fhanau/Efficient-Compression-Tool,68
https://github.com/etlegacy/etlegacy,2516
,2444
,2288
https://github.com/pmodels/mpich,7055
,6961
,6863
,6823
,6857
,6864,https://github.com/pmodels/mpich/commit/ac24a31d984e7f65943ece5151fd9094bdf7515e
,6724
,6682
,6600,https://github.com/pmodels/mpich/commit/c562642de221e966e8b72b1db38f99a5d6fae222
,6433
,6591
,6571
,6522,https://github.com/pmodels/mpich/commit/7446ba9c14183f1544e3bcd2ce279d4c44ad6ca8
,6235,https://github.com/pmodels/mpich/commit/279fd09310f7b40faedb4e203760e62b47d44b5f
,6311
,6159
,6171
,6213
,6117
,6057
,5521,https://github.com/pmodels/mpich/commit/4f4dce29dea631254887601940f907d150599599
,6047
,5942
,5747
,5758
,5707
,5549
,4978
,5199
,5130,https://github.com/pmodels/mpich/commit/1c800bb22c3fb48ec0086c7ef2ba943f37f7281d
,5224
,5054
,5189
,5172
,5059,https://github.com/pmodels/mpich/commit/32b7819849b3c738f95160d2e35e5c5c1c201aa8
,5154
,4772
,4747
,4608
,4657
,4698,https://github.com/pmodels/mpich/commit/747d81ed3197430943085a32a1cc0fc5f236ebf6
,4550
,4442,https://github.com/pmodels/mpich/commit/769cefd335b025ae887d919785b07ef9848a2ab2
,4613
,4638
,4637
,4359,https://github.com/pmodels/mpich/commit/1d9956c7b64783822e56f057c29ab66c38715644
,4193
,4212,https://github.com/pmodels/mpich/commit/db7b4a4dfb5993b8734d316ea22beb90f7841d85
,4174
,4685
,4197
,3840
,3786,https://github.com/pmodels/mpich/commit/eee00251b71c6b2ce4b496f1d514250ee0a3f6ba
,2799
,3218
,2847
,2663
,2466
https://github.com/wolfSSL/wolfMQTT,218
https://github.com/leomccormack/Spatial_Audio_Framework,40
,39
https://github.com/coova/coova-chilli,82
https://github.com/avrdudes/avrdude,1778
,1714
,1603
,1401,https://github.com/avrdudes/avrdude/commit/6861dd806714d2e748eff31b731a051f40f6fe30
,1209
,779
,902
https://github.com/cacalabs/libcaca,10
https://github.com/ntruchsess/arduino_uip,9
https://github.com/nuta/resea,27
https://github.com/elishacloud/Silent-Hill-2-Enhancements,689
https://github.com/open-mpi/hwloc,547,https://github.com/open-mpi/hwloc/commit/b86f63fcfaeb480613e0ec6f345444a98b95d36f
,437
https://github.com/ganglia/monitor-core,225,https://github.com/ganglia/monitor-core/commit/a6f5a2874709f4a0b6df0b015699f523e7d73def
,136
,72
https://github.com/microsoft/DirectX-Headers,24
https://github.com/joewing/jwm,587
,288
https://github.com/Imagick/imagick,24,https://github.com/Imagick/imagick/commit/c523443dc530b9fa2ccbbea21db7fd2fa6d29f76
https://github.com/kdave/btrfs-progs,857
https://github.com/rescrv/libmacaroons,56
https://github.com/redis/hiredis-py,29,https://github.com/redis/hiredis-py/commit/028df9b389023ac7dd4fcd7edf304598d799e349
https://github.com/sharandac/My-TTGO-Watch,180
https://github.com/gopro/gpmf-parser,97
https://github.com/gramineproject/gramine,1779
,1751
,827
,1389
,671
,1328,https://github.com/gramineproject/gramine/commit/d82aaf9cf4b603506a87a099fee98cd94a4edd1b
,1277,https://github.com/gramineproject/gramine/commit/96ad8a056fa051cb2a2d5b7e5ab11672f8148d4d
,1109
,810,https://github.com/gramineproject/gramine/commit/562c639703d56fa5d26b3bed135d31c6a843385f
,811,https://github.com/gramineproject/gramine/commit/d8217c8ad08fc2be289384b90100e29c0506c097
,839
,779
,884
,894
,854,https://github.com/gramineproject/gramine/commit/33576d39a844c3ab554d76e150baa3058a97f638
,813
,866
,764
,798
,704
,609
,399,https://github.com/gramineproject/gramine/commit/c089e6d6e5195d7986ef46fd1d76e53b3ecabee1
,366
,497
,722
,414
,459
,402
,249,https://github.com/gramineproject/gramine/commit/cc25e31b48c7214185877ba3a5d8129466896d8c
,131
,579
,340
,355
https://github.com/private-octopus/picoquic,1520
,1427
,1416
,1369
,1141
,1140
,1139
,1137
,974
,1183
,1031
,975
,737
,561
,477
,290
,255
,208
,174
,135
https://github.com/expressvpn/lightway-core,15
https://github.com/gwsw/less,150
https://github.com/open-iscsi/open-iscsi,465
,300
,239
,230,https://github.com/open-iscsi/open-iscsi/commit/84843e5ffe2c70e0bef58ffc444562e59fc7d2f0
,189,https://github.com/open-iscsi/open-iscsi/commit/3233e65e33c39818da46b891ea7b766a4e236c58
,123,https://github.com/open-iscsi/open-iscsi/commit/c388d9adae20b835731ac98776082c884617467d
,110
,71
https://github.com/emersion/mrsh,47
https://github.com/hasherezade/transacted_hollowing,2
https://github.com/krb5/krb5,1378
,1368
,1330
,1306
,1315
,1221
,1253,https://github.com/krb5/krb5/commit/883415036a4b4e0372b84a5a6e46c10b3a67aba0
,1255
,1212
,1169
,1193
,1179
,1147,https://github.com/krb5/krb5/commit/dde43ffc6d0d19ff3fa080d86d4cddfcc152e421
,1172
,1142
,1095
,980
,908,https://github.com/krb5/krb5/commit/d9719c9f4112c3d1881cdbd09c484312f70e16a7
,897,https://github.com/krb5/krb5/commit/af2a3115cb8feb5174151b4b40223ae45aa9db17
,912
,922
,866
,858,https://github.com/krb5/krb5/commit/76053d61fecfec8c5ea31c74bec73d2846b5effe
,844
,803
,800
,804
,798,https://github.com/krb5/krb5/commit/6d822841648761ac888b9a95693ad87a8aaf165c
,887
,753
,670
,853
,759,https://github.com/krb5/krb5/commit/0c013d6bc018d5be9f694ce80a27de740628133d
,736,https://github.com/krb5/krb5/commit/cefc250efd71515dd665b606bcb993e617068758
,730
,727
,741
,707,https://github.com/krb5/krb5/commit/fbb687db1088ddd894d975996e5f6a4252b9a2b4
,701
,683
,658,https://github.com/krb5/krb5/commit/29337e7c7b796685fb6a03466d32147e17aa2d16
,662
,606
,542,https://github.com/krb5/krb5/commit/8d852c577039d59e1bea383e4ddfe575c20f240d
,476
,563
,477
,473,https://github.com/krb5/krb5/commit/ebb59a92cc831dfef73dc41f8be6ccee68359300
,478
,454
,413
,351
,403
,345
,274,https://github.com/krb5/krb5/commit/527edfaadb648a0dd2a42cd39a5a02a4ac37d7e3
,255
,197,https://github.com/krb5/krb5/commit/319d98bf13e8486f9f378ee47147c9c4bdb15c37
https://github.com/openSUSE/libsolv,513,https://github.com/openSUSE/libsolv/commit/eb94d1c0c750dcdee0e82a8b649c4eae22edd50f
,499,https://github.com/openSUSE/libsolv/commit/9a361f5248557e032f15890aac54c0db53c52098
,442
,445
,439,https://github.com/openSUSE/libsolv/commit/3be061efaab0261b7218c32cbf4e28c404c63341
,444
,291
,270
,8
,6
https://github.com/godror/godror,53
https://github.com/DragonMinded/libdragon,625
,355
https://github.com/vmonaco/kloak,57,https://github.com/vmonaco/kloak/commit/f55ceccf164a7a2705fd6151bad77e6c421cf9e0
https://github.com/linuxkerneltravel/lmp,924,https://github.com/linuxkerneltravel/lmp/commit/7e247290b57aad4f152c4c878ec1694972861590
https://github.com/picoruby/picoruby,176,https://github.com/picoruby/picoruby/commit/e23585fb9bc10aec4d43c2f6a0d7a1c879e8a1ec
,45
,8
,17
,1
,9
,2
https://github.com/strongtz/i915-sriov-dkms,204,https://github.com/strongtz/i915-sriov-dkms/commit/de9f8627a82a13b4b0c7e283eac539cd6c40f409
,152,https://github.com/strongtz/i915-sriov-dkms/commit/ffc23727f106995d89bc7ad32df4f1a3809ee737
https://github.com/ofiwg/libfabric,10299
,10310
,10445
,10295
,10296
,10214
,10018
,10025
,9981
,9836
,9639
,9232
,9242
,9355
,8440
,8459
,8634
,8807
,8536
,8705
,8683
,8612
,8422
,8448
,8907
,8417
,7927
,7931
,7829
,7732,https://github.com/ofiwg/libfabric/commit/339dcb727e8596ecc7047a54880edd8dda250acc
,7781,https://github.com/ofiwg/libfabric/commit/748c1a80cd9b6f0bf0f00b68b2c9048582ff8a8b
,7858
,7742
,7315
,7438
,7146
,7534
,7284
,7208
,7145,https://github.com/ofiwg/libfabric/commit/98101461b599020a9d868eeffcf61ecdb47ff3dd
,7155,https://github.com/ofiwg/libfabric/commit/68318600475aede802f3c86df433fe70d5c59ca1
,7059
,7057,https://github.com/ofiwg/libfabric/commit/d640fcb9348466efb310b1dc412c00270a5e4641
,6876
,6803
,6729
,6663,https://github.com/ofiwg/libfabric/commit/f06b0832ec54209675fe5825060c00824dac0db2
,6676
,6522
,6577
,6508,https://github.com/ofiwg/libfabric/commit/a9e32fd56a08bbf660a0ff52a2c06926fd85e489
,6509
,6458
,6465
,6456
,6336
,5938,https://github.com/ofiwg/libfabric/commit/a70a12fda1305d853ed6a2ebbc7ca2133793f48f
,6036,https://github.com/ofiwg/libfabric/commit/dfb615a6a3ab2deaaf57934a26b2a84581e720b6
,5941
,5947
,6057
,5942,https://github.com/ofiwg/libfabric/commit/f0ef9897a0c6e614b1da636fe4effecb6caee893
,5946
,6044,https://github.com/ofiwg/libfabric/commit/acd266ce65a1f350ad0c56144d94bbb7f022c580
,5879
,5939
,5818,https://github.com/ofiwg/libfabric/commit/ea6ef854e8311522417ef3e7b70649bdef358239
,5815,https://github.com/ofiwg/libfabric/commit/ab39f5d87ceaac090949215cbd7c7875de218b86
,5704,https://github.com/ofiwg/libfabric/commit/e778c9ae36505d837a179dc804d3da7d8b6c263a
,5703
,5229,https://github.com/ofiwg/libfabric/commit/d5277e6db02dd53fffe3c7189176de5d7d32c306
,5816,https://github.com/ofiwg/libfabric/commit/b5ccab6d27f43fef750c4de7bd911faf9c187286
,5411
,5552,https://github.com/ofiwg/libfabric/commit/68f9e858f56737627e19d71f8e592cd9bb8f69d5
,5664
,5233,https://github.com/ofiwg/libfabric/commit/70473618bc9e89e9a691b2192e5161544dcf805d
,5398,https://github.com/ofiwg/libfabric/commit/d8ef6d9619565b51bb41711ee782a0e93b868e0d
,5259
,5106
,5130,https://github.com/ofiwg/libfabric/commit/6c01502ae1aae99b572612ad80f61921c5cee00b
,4799
,4797
,4770,https://github.com/ofiwg/libfabric/commit/04f17c45d6b176ad2e7f3dcb75451b795405c4df
,4765
,4767
,4810
,4798
,4128,https://github.com/ofiwg/libfabric/commit/b846cad0ac347c71365674f18dc8ca70eebf4842
,4598
,4322,https://github.com/ofiwg/libfabric/commit/ddce4bcf015a831d2fd1e44d9e07f53d6ada7ea5
,4127,https://github.com/ofiwg/libfabric/commit/1b54f0b72583da3cb5444115fa71f2a9f53b7546
,4554
,4272
,4183
,4242
,4131
,4108
,3664,https://github.com/ofiwg/libfabric/commit/92823dee0270bd55f3cc4e17627ff4ab57a5acba
,3592
,3674,https://github.com/ofiwg/libfabric/commit/1f168c6c00f9ae2bf30b5e34ee50bf4e11ded577
,3568,https://github.com/ofiwg/libfabric/commit/fe8c0872fc57b9064a1bec541737f54fb153eb91
,3450
,3527
,3471,https://github.com/ofiwg/libfabric/commit/85f2c8316be897329a3af292f2e2ff7c4c7538db
,3262
,2790,https://github.com/ofiwg/libfabric/commit/1892552edebf70427b975a66a6c21542d28ede80
,3057
,2878,https://github.com/ofiwg/libfabric/commit/2bfcc487f4678d473a8b3b87faf483dba705c314
,2914
,3036
,2526
,2444
,2561,https://github.com/ofiwg/libfabric/commit/1939667670e838752b88ca71e799172627a6e5f0
,2641
,2290,https://github.com/ofiwg/libfabric/commit/374ad7530a31f26f8313561313ac5097d0860d19
,1741
,2250
,2190,https://github.com/ofiwg/libfabric/commit/f0d9214399fd3c8229dc93271e306dc3a3182f38
,2083
,2168
,2124
,2062
,2221
,1872
,1387,https://github.com/ofiwg/libfabric/commit/e6508f9f53247523bb0416148ac88843036e687f
,1395
,1375,https://github.com/ofiwg/libfabric/commit/5d1dd19fa02c43f224c8a39e5b9af621e6c0a88b
,1139,https://github.com/ofiwg/libfabric/commit/0935959ff19a1a67ef4b6c4b2cb968d1f5566443
,1110
,573,https://github.com/ofiwg/libfabric/commit/11ddfd753ab0eaa08ff32f67a97f9af4ead82cae
,640,https://github.com/ofiwg/libfabric/commit/88c423cfe1652edc5c74609de52ba62ace7e3294
,402
https://github.com/manugarg/pacparser,174
,153
,133
https://github.com/flatpak/xdg-desktop-portal,1450
,1345
,1364
,1229
,1233
,1230
,1196
,262
,117
https://github.com/thesofproject/sof,9055
,9299
,9248
,9006
,8767
,8689
,8780
,8594
,7453
,7986
,7856
,7588
,6540
,7186
,6951
,6733
,6674
,4789
,6210
,6656
,5796
,5843
,5596
,5729
,5702
,5106
,5188
,5201
,4830
,4766
,4397
,4102
,4233
,4473
,2234
,4055
,3750
,4017
,3389
,3472
,3413
,3562
,3228
,3415
,2566
,2907
,2018
,2028
,2035
,2030
,1267
,2666
,2206
,1177
,1893
,1823
,673
,464
,454
,1025
,495
https://github.com/Unidata/netcdf-c,2928
,2725
,2755
,2598
,2574
,2649
,2503
,2339,https://github.com/Unidata/netcdf-c/commit/71f6dbd78ab2021fab02f8ba9df7903bd84d0b31
,2204,https://github.com/Unidata/netcdf-c/commit/df52eb7805cdbc699d7e63ec1eabb69d3c131e47
,2180
,2179
,2101
,1953,https://github.com/Unidata/netcdf-c/commit/467faeaaeb3f67f8076152e113b27b800e6c8e48
,2011
,1933
,1744
,1913
,1769
,1634
,1654
,1639
,1267
,1202
,1238
,1302
,1240
,1173
,1219
,1167
,1157
,558
,879
,860
,922
,878
,903
,649
,547
,516
,557,https://github.com/Unidata/netcdf-c/commit/44ded96029e659d990f4ff585eb4ffc8eaea195b
,522
,559
,521
,415,https://github.com/Unidata/netcdf-c/commit/d02e3c952bfd2fe5125bff456e88f9990cbeb1ac
,328
https://github.com/grke/burp,751
,754
,575
,746
,139
https://github.com/adafruit/adafruit-beaglebone-io-python,139,https://github.com/adafruit/adafruit-beaglebone-io-python/commit/4a4130e3b65f9d7bff40be52341af3b9fb4a8e19
https://github.com/cubicdaiya/ngx_small_light,33,https://github.com/cubicdaiya/ngx_small_light/commit/32121626d2e0584cb46c51f6ca7e31cae9f49f67
https://github.com/haxenme/nme,635
,84
https://github.com/aleaxit/gmpy,516,https://github.com/aleaxit/gmpy/commit/13efb8a28a5f97e071a0ab35c738c3dc0262d7e7
,512,https://github.com/aleaxit/gmpy/commit/3286b7a7c1706b1b458425cae17e312fe7711054
,141
https://github.com/teragonaudio/MrsWatson,218
,104
https://github.com/proftpd/proftpd,1361,https://github.com/proftpd/proftpd/commit/69fe4f99dde49c31a27e8db15443d2f0c29720d8
,1252
,368,https://github.com/proftpd/proftpd/commit/c3550e78d806e9b947a6d5c1278d2e2bc815d97d
,357
,377
,358
,284,https://github.com/proftpd/proftpd/commit/3fcfbe3df8f29791579f30f9fedac58d620d10c3
https://github.com/monitoring-plugins/monitoring-plugins,1843
https://github.com/eggheads/eggdrop,1557
,1262
,1154
,848
,837
,831
,768
,142
https://github.com/libui-ng/libui-ng,183
,75,https://github.com/libui-ng/libui-ng/commit/48c9ef70453ea393d79a5d17d4fd16808e9cd2bb
,112
https://github.com/haasn/libplacebo,150,https://github.com/haasn/libplacebo/commit/9dffc512dbbac55a1d7666152f71af6d4eaf8ee4
https://github.com/cktan/tomlc99,30,https://github.com/cktan/tomlc99/commit/7efd69ca83b0b7dc21422743756fa61e29bed8fa
https://github.com/cfengine/core,4749
,4763
,4765
,4892
,4730
,4674
,4692
,4691
,4740
,4589
,4544
,4403,https://github.com/cfengine/core/commit/09807cab4df5d890945541e8423ed5833d96638f
,4402,https://github.com/cfengine/core/commit/6f358e35ca9d140894997dfe636331407d15fd37
,4442
,4331,https://github.com/cfengine/core/commit/571d28089833675065f5a9e2df61805bf7cb76ba
,4345,https://github.com/cfengine/core/commit/e927b4e543e1b0a34f6dac53af17db4036938156
,4355
,4350
,4398,https://github.com/cfengine/core/commit/4cc97ac59b5eaa16439833a5786a91408da75fd8
,4294
,4090
,4129
,4041
,3416
,4045
,4044
,3987
,3988
,3955
,3932
,3881,https://github.com/cfengine/core/commit/a910c2815b9893c725bd07def5c50a10fc4fabb7
,3682,https://github.com/cfengine/core/commit/74eade681df444c431abb361c837dff3c74e0d9b
,3864
,3670,https://github.com/cfengine/core/commit/46addfffa01229967b0942e0cb21d9a2e18c3385
,3855
,3671
,3410
,2941
,3445
,3457,https://github.com/cfengine/core/commit/8078b566047095eda15d21d4a788efdcec6bc135
,3441,https://github.com/cfengine/core/commit/64589e5cb308e46646a46ef84cb57e487f4f7ddc
,3404
,3462
,3405
,3454
,3455
,3463
,3316
,3383,https://github.com/cfengine/core/commit/24d1e0d7ed0a568ad02c4c701e08637d4c86ca81
,3371,https://github.com/cfengine/core/commit/b26c42af864fbd876138be473ef745bfa0d08dd7
,3467
,3465
,3370,https://github.com/cfengine/core/commit/a01e41247baadb86a00498db237556773515a7f3
,3306
,3345
,3307,https://github.com/cfengine/core/commit/77f32612ff2a5f18d14008e0929061bb5a4b51d2
,3333
,3322,https://github.com/cfengine/core/commit/89c6ec280d9470f81f6695f56f732c1b970c285e
,3340
,3330,https://github.com/cfengine/core/commit/8afe4af0e7502447b19b13699836dea813d938a2
,3323
,3311,https://github.com/cfengine/core/commit/4c37d46d8ad2d42b280c4488ead51bc9a0b5eb9f
,3329
,3321,https://github.com/cfengine/core/commit/5046a94b010d4243634db366de060477c4e38fdf
,3372
,3331,https://github.com/cfengine/core/commit/6226c9818291aae54364395ba382c07967d772f4
,3315
,3314
,2932,https://github.com/cfengine/core/commit/eaaa252f0a3736a82decac3a571755ad8a788606
,2945
,2930
,2800,https://github.com/cfengine/core/commit/f2ff985aecf92254cca633f07f97914cfa2609b7
,2801
,2811
,2791
,2659
,2637
,2506
,2349
,2275
,2268
,2066,https://github.com/cfengine/core/commit/9f7ab4d8a3f24944c66b2526e161414ce40042a4
,1964
,1368
,767
,1433
,1789
,1231
,1547,https://github.com/cfengine/core/commit/276337c8330139d5d534e4b8854b9b8667cf4a21
,1946
,1544
,1105
,1344
,631,https://github.com/cfengine/core/commit/b741e9d684b159dfb6b063e09c25bd2307620fee
,628,https://github.com/cfengine/core/commit/11926be7787e7688c61851f6109ef6c6d01f7de0
,362
,692
,1110
,1089
,689
https://github.com/NVIDIA/libglvnd,137
https://github.com/doches/progressbar,22,https://github.com/doches/progressbar/commit/42ef635e7ef572c72fe2c265b1f013817d804d15
https://github.com/gtkwave/gtkwave,332
https://github.com/fvwmorg/fvwm3,760
,426
,431
,428
,435
,403
https://github.com/Kode/Kinc,827
,297
https://github.com/MobilityDB/MobilityDB,531
,530
,528
,525
https://github.com/RandyGaul/cute_framework,193
https://github.com/sahlberg/libnfs,467,https://github.com/sahlberg/libnfs/commit/95ac08bd55b0f8e61ea275923c3107bbc9d650a7
,170
,67
https://github.com/TauLabs/TauLabs,1334
,1245
,808
,272
,229
https://github.com/hellerve/e,36
https://github.com/skx/simple.vm,24,https://github.com/skx/simple.vm/commit/d6bf4b35e4a7a4375197fff275dc7fc4183cba5b
https://github.com/arduino/ArduinoCore-samd,352
,295
https://github.com/libconfuse/libconfuse,131
,75
https://github.com/domeengine/dome,1
https://github.com/rpm-software-management/rpm,3240
,3263
,3220
,3095
,2843
,3107
,2888
,2311
,2338
,1961
,1879
,1908
,1255
,1734
,1619
,1564
,1430
,1414
,1026
,929
,851
,912
,930
,699
,729
,292
,91,https://github.com/rpm-software-management/rpm/commit/0d76d6114da4f7852fce658e2ae7363ee296d1fd
https://github.com/getdnsapi/getdns,143
https://github.com/Cogmasters/concord,181
,174
,154
,117
,77
,41
,69
,49
https://github.com/alliedmodders/amxmodx,983
,912
,388
,256
https://github.com/linux-rdma/perftest,153
https://github.com/intel/tinycbor,113
https://github.com/nauxliu/opencc4php,17,https://github.com/nauxliu/opencc4php/commit/93e2264ceea71fdb07ea185f97abfd1acbe13094
https://github.com/Meulengracht/MollenOS,304
https://github.com/Tarsnap/scrypt,111,https://github.com/Tarsnap/scrypt/commit/49b4a4c6889928ab61128c834c4db18b60b31ba0
,104
,47
https://github.com/swenson/sort,2
https://github.com/crazii/SBEMU,81
https://github.com/SynthstromAudible/DelugeFirmware,2006
,677
,588
,1272
,548
https://github.com/HDFGroup/hdf5,4842
,4882
,4724
,4852
,4457
,4625
,4595
,4071
,2723
,2859
,2707
,2709
,2708
,2656
,3330
,4021
,4104
,3942
,3787
,3610
,3418
,3314
,2736